<?xml version="1.0"?>
<doc>
    <assembly>
        <name>Microsoft.EntityFrameworkCore.Sqlite.Design</name>
    </assembly>
    <members>
        <member name="M:Microsoft.EntityFrameworkCore.Scaffolding.SqliteTableSelectionSetExtensions.Allows(Microsoft.EntityFrameworkCore.Scaffolding.TableSelectionSet,System.String)">
            <summary>
                Tests whether the table is allowed by the <see cref="T:Microsoft.EntityFrameworkCore.Scaffolding.TableSelectionSet" /> and
                updates the <see cref="T:Microsoft.EntityFrameworkCore.Scaffolding.TableSelectionSet" />'s <see cref="T:Microsoft.EntityFrameworkCore.Scaffolding.TableSelectionSet.Selection" />(s)
                to mark that they have been matched.
            </summary>
            <param name="tableSet"> the <see cref="T:Microsoft.EntityFrameworkCore.Scaffolding.TableSelectionSet" /> to test </param>
            <param name="tableName"> name of the database table to check </param>
            <returns> whether or not the table is allowed </returns>
        </member>
        <member name="P:Microsoft.EntityFrameworkCore.Internal.SqliteDesignStrings.UsingSchemaSelectionsWarning">
            <summary>
            Scaffolding from a SQLite database will ignore any schema selection arguments. 
            </summary>
        </member>
    </members>
</doc>
