<?xml version="1.0"?>
<doc>
    <assembly>
        <name>Microsoft.EntityFrameworkCore.Sqlite</name>
    </assembly>
    <members>
        <member name="P:Microsoft.EntityFrameworkCore.Internal.SqliteStrings.InvalidMigrationOperation">
            <summary>
            SQLite does not support this migration operation. For more information, see http://go.microsoft.com/fwlink/?LinkId=723262.
            </summary>
        </member>
        <member name="P:Microsoft.EntityFrameworkCore.Internal.SqliteStrings.MigrationScriptGenerationNotSupported">
            <summary>
            Generating idempotent scripts for migration is not currently supported by SQLite. For more information, see http://go.microsoft.com/fwlink/?LinkId=723262.
            </summary>
        </member>
        <member name="P:Microsoft.EntityFrameworkCore.Internal.SqliteStrings.SchemasNotSupported">
            <summary>
            SQLite does not support schemas. For more information, see http://go.microsoft.com/fwlink/?LinkId=723262.
            </summary>
        </member>
        <member name="P:Microsoft.EntityFrameworkCore.Internal.SqliteStrings.SequencesNotSupported">
            <summary>
            SQLite does not support sequences. For more information, see http://go.microsoft.com/fwlink/?LinkId=723262.
            </summary>
        </member>
        <member name="M:Microsoft.EntityFrameworkCore.Storage.Internal.SqliteTypeMapper.FindMapping(System.String)">
            <summary>
                Returns a clr type for a SQLite column type. Defaults to typeof(string).
                It uses the same heuristics from
                <see href="https://www.sqlite.org/datatype3.html">"2.1 Determination of Column Affinity"</see>
            </summary>
        </member>
    </members>
</doc>
